{
 "name"         : "Direct [COLOR ff778899]-[/COLOR] Alluc [-] ([COLOR ff778899]Q[/COLOR])",
 "repository"   : "repository.dudehere.plugins",
 "plugin"       : "plugin.video.alluc.api",
 "priority"     : 200,
 "id"           : "Alluc",
 "filters"      : {},
 "postprocess"  : "",
 "movies"       : [
  [
   {
    "link"      : "plugin://plugin.video.alluc.api/?rand=0.{year[1]}{year[2]}{year[3]}{year[2]}{year[1]}{year[0]}{year[1]}{year[2]}{year[3]}{year[2]}{year[1]}&tmdb_id={tmdb}&title={title}&imdb_id={imdb}&mode=play_movie&year={year}",
    "steps"     : [],
    "action"    : "PLAY"
   }
  ]
 ],
 "tvshows"      : [
  [
   {
    "link"      : "plugin://plugin.video.alluc.api/?rand=0.{year[3]}{year[1]}{year[2]}{year[3]}{year[2]}{year[1]}{year[0]}{year[1]}{year[2]}{year[3]}{year[2]}{year[1]}&mode=play_episode&tmdb_id={tmdb}&year={year}&season={season}&display{episode}.+{title}&showtitle={clearname}&imdb_id={imdb}",
    "steps"     : [],
    "action"    : "PLAY"
   }
  ]
 ],
 "musicvideos"  : [],
 "music"        : [],
 "live"         : []
}