{
 "name"         : "Search [COLOR ff778899]-[/COLOR] VidTime ([COLOR ff778899]C[/COLOR])",
 "repository"   : "repository.VinManJSV",
 "plugin"       : "plugin.video.VidTime",
 "priority"     : 900,
 "id"           : "VidTime",
 "filters"      : {},
 "postprocess"  : "",
 "movies"       : [],
 "tvshows"      : [],
 "musicvideos"  : [],
 "music"        : [],
 "live"         : [
  [
   {
    "link": "plugin://plugin.video.VidTime",
    "steps": [
     "@anycontaining:VT TV",
     "{name}"
     ],
    "action"    : "PLAY"
   },
   {
    "link": "plugin://plugin.video.VidTime",
    "steps": [
     "@anycontaining:VT TV",
     ".*{name}.*"
     ],
    "action"    : "PLAY"
   },
   {
    "link": "plugin://plugin.video.VidTime",
    "steps": [
     "@anycontaining:VT TV",
     "{basename}.({extension}|{extension|number_to_text()}|{extension|text_to_number()})"
     ],
    "action"    : "PLAY"
   },
   {
    "link": "plugin://plugin.video.VidTime",
    "steps": [
     "@anycontaining:VT TV",
     ".*{basename}.({extension}|{extension|number_to_text()}|{extension|text_to_number()}).*"
     ],
    "action"    : "PLAY" 
   }
  ]
 ]
}