{
 "name"         : "Navigate [COLOR ff778899]-[/COLOR] Phoenix ([COLOR ff778899]Q[/COLOR])",
 "repository"   : "repository.xbmchub",
 "plugin"       : "plugin.video.phstreams",
 "priority"     : 800,
 "id"           : "navigate.phoenix.q",
 "filters"      : {},
 "postprocess"  : "",
 "movies"       : [],
 "tvshows"      : [],
 "musicvideos"  : [],
 "music"        : [],
 "live"         : [
  [
   {
    "link": "plugin://plugin.video.phstreams/",
    "steps": [
     ".*tv.*",
     "@anyexcept:Events|Shows|Radio",
     "({name}|{name|replace(*, star)})"
     ],
    "action"    : "PLAY"
   },
   {
    "link": "plugin://plugin.video.phstreams/",
    "steps": [
     ".*tv.*",
     "@anyexcept:Events|Shows|Radio",
     ".*({name}|{name|replace(*, star)}).*"
     ],
    "action"    : "PLAY"
   },
   {
    "link": "plugin://plugin.video.phstreams/",
    "steps": [
     ".*tv.*",
     "@anyexcept:Events|Shows|Radio",
     "({basename}|{basename|replace(*, star)}).({extension}|{extension|number_to_text()}|{extension|text_to_number()})"
     ],
    "action"    : "PLAY"
   },
   {
    "link": "plugin://plugin.video.phstreams/",
    "steps": [
     ".*tv.*",
     "@anyexcept:Events|Shows|Radio",
     ".*({basename}|{basename|replace(*, star)}).({extension}|{extension|number_to_text()}|{extension|text_to_number()}).*"
     ],
    "action"    : "PLAY"
   }
  ]
 ]
}