{
 "name"         : "Navigate [COLOR ff778899]-[/COLOR] B99TV ([COLOR ff778899]Q[/COLOR])",
 "repository"   : "repository.dandymedia",
 "plugin"       : "plugin.video.b99tv_gw",
 "priority"     : 800,
 "id"           : "navigate.b99tv.q",
 "filters"      : {},
 "postprocess"  : "",
 "movies"       : [],
 "tvshows"      : [
  [
   {

    "link"      : "plugin://plugin.video.b99tv_gw/",
    "steps"     : [
     "($$.*$$)Cartoon Series($$.*$$)",
     "($$.*$$){clearname}($$.*$$)@page:($$.*$$)Next Page>>>($$.*$$)",
     "($$.*$$){title}($$.*$$)@page:($$.*$$)Next Page>>>($$.*$$)"
     ],
    "action"    : "PLAY"
   }
  ]
 ],
 "musicvideos"  : [],
 "music"        : [],
 "live"         : []
}