{
  "name":"Navigate [COLOR ff778899]-[/COLOR] FilmOn Simple ([COLOR ff778899]Cy[/COLOR])",
  "repository":"repository.xbmchub",
  "plugin":"plugin.video.filmon.simple",
  "priority":800,
  "id":"FilmOn Simple",
  "filters":{
  },
  "postprocess":"",
  "movies":[
  ],
  "tvshows":[
  ],
  "musicvideos":[
  ],
  "music":[
  ],
  "live":[
    [
      {
        "link":"plugin://plugin.video.filmon.simple/",
        "steps":[
          "@any",
          "{name}"
        ],
        "action":"PLAY"
      },
      {
        "link":"plugin://plugin.video.filmon.simple/",
        "steps":[
          "@any",
          ".*{name}.*"
        ],
        "action":"PLAY"
      },
      {
        "link":"plugin://plugin.video.filmon.simple/",
        "steps":[
          "@any",
          ".*{basename}.({extension}|{extension|number_to_text()}|{extension|text_to_number()})"
        ],
        "action":"PLAY"
      },
      {
        "link":"plugin://plugin.video.filmon.simple/",
        "steps":[
          "@any",
          ".*{basename}.({extension}|{extension|number_to_text()}|{extension|text_to_number()}).*"
        ],
        "action":"PLAY"
      }
    ]
  ]
}
