{
 "name"         : "Navigate [COLOR ff778899]-[/COLOR] USTVnow plus ([COLOR ff778899]Q[/COLOR])",
 "repository"   : "repository.xbmchub",
 "plugin"       : "plugin.video.ustvnow.tva",
 "priority"     : 800,
 "id"           : "USTVnow plus",
 "filters"      : {},
 "postprocess"  : "",
 "movies"       : [],
 "tvshows"      : [],
 "musicvideos"  : [],
 "music"        : [],
 "live"         : [
  [
   {
    "link": "plugin://plugin.video.ustvnow.tva/",
    "steps": [
     ".*Live TV.*",
     "{name}.*"
     ],
    "action"    : "PLAY"
   }
  ]
 ]
}