{
 "name"         : "Search [COLOR ff778899]-[/COLOR] SoundCloud ([COLOR ff778899]Q[/COLOR])",
 "repository"   : "repository.xbmc.org",
 "plugin"       : "plugin.audio.soundcloud",
 "priority"     : 900,
 "id"           : "SoundCloud",
 "filters"      : {},
 "postprocess"  : "",
 "movies"       : [],
 "tvshows"      : [],
 "musicvideos"  : [],
 "music"        : [
  [
   {
    "link"      : "plugin://plugin.audio.soundcloud/search/query/?q={cleartrack}",
    "steps"     : [
     ".*{clearartist}.*{cleartrack}.*"
     ],
    "action"    : "PLAY"
   }
  ]
 ],
 "live"         : []
}