{
 "name"         : "Search [COLOR ff778899]-[/COLOR] GenVideos ([COLOR ff778899]Q[/COLOR])",
 "repository"   : "repository.mdrepo",
 "plugin"       : "plugin.video.mdgenvideos",
 "priority"     : 900,
 "id"           : "search.genvideos.q",
 "filters"      : {},
 "postprocess"  : "",
 "movies"       : [
  [
   {
    "link"      : "plugin://plugin.video.mdgenvideos/?description&iconimage=special://home/addons/plugin.video.mdgenvideos/icon.png&mode=1&name=&url=http://genvideos.org/results?q={title}",
    "steps"     : [
     "($$.*$$){title}($$.*$$)"
     ],
    "action"    : "PLAY"
   }
  ]
 ],
 "tvshows"      : [],
 "musicvideos"  : [],
 "music"        : [],
 "live"         : []
}