{
 "name"         : "Search [COLOR ff778899]-[/COLOR] Hype Machine ([COLOR ff778899]Q[/COLOR])",
 "repository"   : "na",
 "plugin"       : "plugin.audio.hypem_com",
 "priority"     : 900,
 "id"           : "Hype Machine",
 "filters"      : {},
 "postprocess"  : "",
 "movies"       : [],
 "tvshows"      : [],
 "musicvideos"  : [],
 "music"        : [
  [
   {
    "link"      : "plugin://plugin.audio.hypem_com/?mode=search",
    "steps"     : [
     "@keyboard:{cleartrack_+}",
     ".*{artist}.*{track}.*"
     ],
    "action"    : "PLAY"
   }
  ]
 ],
 "live"         : []
}