{
 "name"         : "Search [COLOR ff778899]-[/COLOR] Amazon VOD ([COLOR ff778899]M[/COLOR])",
 "repository"   : "na",
 "plugin"       : "plugin.video.amazon-test",
 "priority"     : 900,
 "id"           : "Amazon VOD",
 "filters"      : {},
 "postprocess"  : "",
 "movies"       : [
  [
   {
    "link"      : "plugin://plugin.video.amazon-test/",
    "steps"     : [
     "Search",
     "@keyboard:{title}",
     "(?:{title}($$.*)+|{title|replace(&colon;, -)}($$.*)+)"
     ],
    "action"    : "PLAY"
   }
  ]
 ],
 "tvshows"      : [
  [
   {
    "link"      : "plugin://plugin.video.amazon-test/",
    "steps"     : [
     "Search",
     "@keyboard:{clearname}",
     "{clearname} .*- Season {season}",
     "{episode} -.*"
     ],
    "action"    : "PLAY"
   }
  ]
 ],
 "musicvideos"  : [],
 "music"        : [],
 "live"         : []
}