{
 "name"         : "Direct [COLOR ff778899]-[/COLOR] Spinz Strictly HD ([COLOR ff778899]Q[/COLOR])",
 "repository"   : "repository.SpinzTV",
 "plugin"       : "plugin.video.spinzstrictlyhd",
 "priority"     : 200,
 "id"           : "Spinz Strictly HD",
 "filters"      : {},
 "postprocess"  : "",
 "movies"       : [
  [
   {
    "link"      : "plugin://plugin.video.spinzstrictlyhd/?source=search&title={title_+}",
    "steps"     : [],
    "action"    : "ACTIVATE"
   }
  ]
 ],
 "tvshows"      : [],
 "musicvideos"  : [],
 "music"        : [],
 "live"         : []
}