{
 "name"         : "Direct [COLOR ff778899]-[/COLOR] Velvet Hotdog ([COLOR ff778899]Q[/COLOR])",
 "repository"   : "repository.xbmchub",
 "plugin"       : "plugin.video.velvethotdog",
 "priority"     : 200,
 "id"           : "Velvet Hotdog",
 "filters"      : {},
 "postprocess"  : "",
 "movies"       : [
  [
   {
    "link"      : "plugin://plugin.video.velvethotdog/?imdb={imdb}&mode=play_velvethotdog_movie&rand={now}",
    "steps"     : [],
    "action"    : "PLAY"
   }
  ]
 ],
 "tvshows"      : [],
 "musicvideos"  : [],
 "music"        : [],
 "live"         : []
}