{
 "name"         : "Explore [COLOR ff778899]-[/COLOR] TeeVee ([COLOR ff778899]Q[/COLOR])",
 "repository"   : "repository.natko1412",
 "plugin"       : "plugin.video.teevee",
 "priority"     : 700,
 "id"           : "TeeVee",
 "filters"      : {},
 "postprocess"  : "",
 "movies"       : [],
 "tvshows"      : [
  [
   {

    "link"      : "plugin://plugin.video.teevee/?mode=open_search&page=1&q={urlname}",
    "steps"     : [
     ".*{clearname}*",
     ".*Season {season}.*",
     ".*({season}x{episode}|{season}x{episode}).*"
     ],
    "action"    : "PLAY"
   }
  ]
 ],
 "musicvideos"  : [],
 "music"        : [],
 "live"         : []
}