{
 "name"         : "Explore [COLOR ff778899]-[/COLOR] HD Box ([COLOR ff778899]Q[/COLOR])",
 "repository"   : "repository.mdrepo",
 "plugin"       : "plugin.video.mdhdbox",
 "priority"     : 700,
 "id"           : "explore.hdbox.q",
 "filters"      : {},
 "postprocess"  : "",
 "movies"       : [
  [
   {
    "link"      : "plugin://plugin.video.mdhdbox/?description&iconimage=special://home/addons/plugin.video.mdhdbox/icon.png&mode=1&name=&url=http://xmovies8.org/results?q={title}",
    "steps"     : [
     "($$.*$$){title}($$.*$$)"
     ],
    "action"    : "PLAY"
   }
  ]
 ],
 "tvshows"      : [],
 "musicvideos"  : [],
 "music"        : [],
 "live"         : []
}