{
 "name"         : "Explore [COLOR ff778899]-[/COLOR] ITV ([COLOR ff778899]M[/COLOR])",
 "repository"   : "repository.xunitytalk",
 "plugin"       : "plugin.video.itv",
 "priority"     : 700,
 "id"           : "explore.itv.m",
 "filters"      : {},
 "postprocess"  : "",
 "movies"       : [],
 "tvshows"      : [],
 "musicvideos"  : [],
 "music"        : [],
 "live"         : [
  [
   {
    "link"      : "plugin://plugin.video.itv/",
    "steps"     : [
     "{name}.*"
     ],
    "action"    : "PLAY"
   }
  ]
 ]
}