{
 "name"         : "Navigate [COLOR ff778899]-[/COLOR] In the Movies ([COLOR ff778899]Q[/COLOR])",
 "repository"   : "repository.dandymedia",
 "plugin"       : "plugin.video.inthemovies",
 "priority"     : 800,
 "id"           : "navigate.inthemovies.q",
 "filters"      : {},
 "postprocess"  : "",
 "movies"       : [
  [
   {
    "link"      : "plugin://plugin.video.inthemovies/",
    "steps"     : [
     "@any",
     "><{title}.*{year}."
     ],
    "action"    : "PLAY"
   }
  ]
 ],
 "tvshows"      : [],
 "musicvideos"  : [],
 "music"        : [],
 "live"         : []
}