{
 "name"         : "Navigate [COLOR ff778899]-[/COLOR] Bobby Cartoons ([COLOR ff778899]Q[/COLOR])",
 "repository"   : "repository.dandymedia",
 "plugin"       : "plugin.video.bobbycart",
 "priority"     : 800,
 "id"           : "navigate.bobbycart.q",
 "filters"      : {},
 "postprocess"  : "",
 "movies"       : [],
 "tvshows"      : [
  [
   {
    "link"      : "plugin://plugin.video.bobbycart/",
    "steps"     : [
     "($$.*$$)({clearname}|{clearname|replace(',)})($$.*$$)@page:($$.*$$)Next Page>>>($$.*$$)",
     "($$.*$$)({clearname}|{clearname|replace(',)}).Season.{season}.Episode.{episode}($$.*$$)@page:($$.*$$)Next Page>>>($$.*$$)"
     ],
    "action"    : "PLAY"
   },
   {
    "link"      : "plugin://plugin.video.bobbycart/",
    "steps"     : [
     "($$.*$$)({clearname}|{clearname|replace(',)})($$.*$$)@page:($$.*$$)Next Page>>>($$.*$$)",
     "($$.*$$)({clearname}|{clearname|replace(',)}).Episode.{episode}($$.*$$)@page:($$.*$$)Next Page>>>($$.*$$)"
     ],
    "action"    : "PLAY"
   }
  ]
 ],
 "musicvideos"  : [],
 "music"        : [],
 "live"         : []
}