{
 "name"         : "Navigate [COLOR ff778899]-[/COLOR] iPlayer WWW ([COLOR ff778899]M[/COLOR])",
 "repository"   : "repository.xbmc.org",
 "plugin"       : "plugin.video.iplayerwww",
 "priority"     : 800,
 "id"           : "iPlayer WWW",
 "filters"      : {},
 "postprocess"  : "",
 "movies"       : [],
 "tvshows"      : [
  [
   {
    "link"      : "plugin://plugin.video.iplayerwww/",
    "steps"     : [
     ".*Programme List A-Z",
     "{clearname[0]}|{clearname[4]}",
     "{showname}.*",     
     ".*(?:Series {season}: *{episode}$$|Episode.*$${episode}$$).*"
     ],
    "action"    : "PLAY"
   }
  ]
 ],
 "musicvideos"  : [],
 "music"        : [],
 "live"         : [
  [
   {
    "link": "plugin://plugin.video.iplayerwww/",
    "steps": [
     ".*Watch Live",
     "{name}"
     ],
    "action"    : "PLAY"
   },
   {
    "link": "plugin://plugin.video.iplayerwww/",
    "steps": [
     ".*Watch Live",
     "{name}.*"
     ],
    "action"    : "PLAY"
   },
   {
    "link": "plugin://plugin.video.iplayerwww/",
    "steps": [
     ".*Watch Live",
     "{basename}.({extension}|{extension|number_to_text()}|{extension|text_to_number()})"
     ],
    "action"    : "PLAY"
   },
   {
    "link": "plugin://plugin.video.iplayerwww/",
    "steps": [
     ".*Watch Live",
     ".*{basename}.({extension}|{extension|number_to_text()}|{extension|text_to_number()}).*"
     ],
    "action"    : "PLAY"
   }
  ]
 ]
}