{
 "name"         : "Navigate [COLOR ff778899]-[/COLOR] NL Shizzle ([COLOR ff778899]Q[/COLOR])",
 "repository"   : "na",
 "plugin"       : "plugin.video.nlplks",
 "priority"     : 800,
 "id"           : "NL Shizzle",
 "filters"      : {},
 "postprocess"  : "",
 "movies"       : [
  [
   {
    "language"  : "nl",
    "link"      : "plugin://plugin.video.nlplks/",
    "steps"     : [
     "@any",
     "{title}"
     ],
    "action"    : "PLAY"
   },
   {
    "link"      : "plugin://plugin.video.nlplks/",
    "steps"     : [
     "@any",
     "{title}"
     ],
    "action"    : "PLAY"
   }
  ]
 ],
 "tvshows"      : [],
 "musicvideos"  : [],
 "music"        : [],
 "live"         : []
}