{
 "name"         : "Navigate [COLOR ff778899]-[/COLOR] DandyMedia Boxsets ([COLOR ff778899]M[/COLOR])",
 "repository"   : "repository.xunitytalk",
 "plugin"       : "plugin.video.dandyboxset",
 "priority"     : 800,
 "id"           : "navigate.dandyboxset.m",
 "filters"      : {},
 "postprocess"  : "",
 "movies"       : [
  [
   {
    "link"      : "plugin://plugin.video.dandyboxset",
    "steps"     : [
     "@any",
     "{title}.*{year}.*"
     ],
    "action"    : "PLAY"
   }
  ]
 ],
 "tvshows"      : [],
 "musicvideos"  : [],
 "music"        : [],
 "live"         : []
}