{
 "name"         : "Search [COLOR ff778899]-[/COLOR] A[COLOR firebrick][I]nime[/I][/COLOR] F[COLOR mediumpurple]ate[/COLOR] ([COLOR ff778899]Q[/COLOR])",
 "repository"   : "repository.thehighway",
 "plugin"       : "plugin.video.animefate",
 "priority"     : 900,
 "id"           : "Anime Fate",
 "filters"      : {},
 "postprocess"  : "",
 "movies"       : [],
 "tvshows"      : [
  [
   {
    "link"      : "plugin://plugin.video.animefate/?mode=ListShows2&section&site&url=/anime-list/?starting_char=all",
    "steps"     : [
     "($$.*$$){clearname[0]}($$.*$$){shortname}($$.*$$){year}($$.*$$).*",
     "($$.*$$)Season {season} Episode {episode}($$.*$$)"
     ],
    "action"    : "ACTIVATE"
   }
  ]
 ],
 "musicvideos"  : [],
 "music"        : [],
 "live"         : []
}